Name,Date,Time
101,2026-01-19,13:02:27
101,2026-01-19,13:02:28
101,2026-01-19,13:02:30
101,2026-01-19,13:02:32
101,2026-01-19,13:02:34
101,2026-01-19,13:02:36
101,2026-01-19,13:02:38
101,2026-01-19,13:02:40
101,2026-01-19,13:02:42
101,2026-01-19,13:02:44
101,2026-01-19,13:02:48
101,2026-01-19,13:02:50
101,2026-01-19,13:02:52
101,2026-01-19,13:02:54
101,2026-01-19,13:02:56
101,2026-01-19,13:02:58
101,2026-01-19,13:03:00
101,2026-01-19,13:03:02
101,2026-01-19,13:03:04
101,2026-01-19,13:03:06
101,2026-01-19,13:03:08
101,2026-01-19,13:06:27
101,2026-01-19,13:06:29
101,2026-01-19,13:06:31
101,2026-01-19,13:06:33
101,2026-01-19,13:06:35
101,2026-01-19,13:06:37
101,2026-01-19,13:06:39
101,2026-01-19,13:06:41
101,2026-01-19,13:06:43
101,2026-01-19,13:06:45
101,2026-01-19,13:06:51
101,2026-01-19,13:06:53
101,2026-01-19,13:06:59
101,2026-01-19,13:07:01
101,2026-01-19,13:07:03
101,2026-01-19,13:07:05
101,2026-01-19,13:07:07
101,2026-01-19,13:07:09
101,2026-01-19,13:07:11
101,2026-01-19,13:07:13
101,2026-01-19,13:07:15
101,2026-01-19,13:07:17
101,2026-01-19,13:07:20
101,2026-01-19,13:07:22
101,2026-01-19,13:07:24
101,2026-01-19,13:07:26
101,2026-01-19,13:07:29
101,2026-01-19,13:07:31
101,2026-01-19,13:07:33
101,2026-01-19,13:07:35
101,2026-01-19,13:07:37
101,2026-01-19,13:07:39
101,2026-01-19,13:07:41
101,2026-01-19,13:07:43
101,2026-01-19,13:07:45
101,2026-01-19,13:07:47
101,2026-01-19,13:07:49
101,2026-01-19,13:07:51
101,2026-01-19,13:07:53
101,2026-01-19,13:07:55
101,2026-01-19,13:07:57
101,2026-01-19,13:07:59
101,2026-01-19,13:07:59
101,2026-01-19,13:12:07
101,2026-01-19,13:12:20
